﻿Designator,Footprint,Quantity,Value,LCSC Part #
"C1, C2",C_0402,2,22pF,C1555
"C3, C7",C_0603,2,100nF,C14663
"C4, C5",C_0402,2,470pF,C1537
J1,PinSocket_2x20_P2.54mm_Vertical,1,GPIO,
"R1, R3",R_0402,2,4.7kΩ,C25900
"R2, R4, R5",R_0603,3,120Ω,C22787
U1,CONN-TH_9P-P5.08_MX128-5.08-09P-GN01-CU-Y-A,1,MX128-5.08-09P-GN01-CU-Y-A,
U2,MCP2515T-IST_SOIC-18_L11.6-W7.5-P1.27-LS10.3-BL,1,MCP2515T-I/SO,
U4,SOIC-8_L4.9-W3.9-P1.27-LS6.0-BL,1,SN65HVD230DR,C12084
X1,OSC-SMD_4P-L3.2-W2.5-BL,1,X322516MLB4SI,C13738
